{
    "epoch": 8.0,
    "eval_accuracy": 0.7857752489331437,
    "eval_loss": 1.046080231666565,
    "eval_runtime": 33.2548,
    "eval_samples_per_second": 211.398,
    "eval_steps_per_second": 0.842
}